<odoo>
	<data>
		<!-- User Group For Course -->
		<record id="course_group_user" model="res.groups">
			<field name="name">
				User
			</field>
			<field name="category_id" ref="base.module_category_training" />
			<field name="implied_ids" eval="[(4,ref('base.group_user'))]" />
		</record>
		<!-- Manager Group For Course -->
		<record id="course_group_manager" model="res.groups">
			<field name="name">
				Manager
			</field>
			<field name="category_id" ref="base.module_category_training" />
			<field name="implied_ids" eval="[(4,ref('course_group_user'))]" />
			<field name="users" eval="[(4,ref('base.user_root')),(4,ref('base.user_admin'))]" />
		</record>
		<!-- Supervisor Group For Course -->
		<record id="course_group_supervisor" model="res.groups">
			<field name="name">
				Supervisor
			</field>
			<field name="category_id" ref="base.module_category_training" />
			<field name="implied_ids" eval="[(4,ref('course_group_manager'))]" />
			<field name="users" eval="[(4,ref('base.user_root')),(4,ref('base.user_admin'))]" />
		</record>
	</data>
</odoo>
